studentID,FeeStatus
E0001,1
E0002,1
E0003,1
E0004,1
E0005,1
E0006,1
E0007,1
E0008,1
E0009,1
E0010,0
E0011,1
E0012,1
E0013,1
E0014,1
E0015,1
E0016,1
E0017,1
E0018,0
E0019,1
E0020,1
E0021,1
E0022,1
E0023,1
E0024,1
E0025,0
E0026,1
E0027,1
E0028,1
E0029,1
E0030,1
E0031,1
E0032,1
E0033,1
E0034,1
E0035,1
E0036,1
E0037,1
E0038,1
E0039,0
E0040,1
E0041,1
E0042,1
E0043,1
E0044,0
E0045,1
E0046,1
E0047,1
E0048,1
E0049,0
E0050,1
E0051,1
E0052,1
E0053,0
E0054,1
E0055,1
E0056,1
E0057,1
E0058,1
E0059,0
E0060,1
E0061,1
E0062,1
E0063,0
E0064,1
E0065,1
E0066,1
E0067,1
E0068,1
E0069,1
E0070,1
E0071,0
E0072,1
E0073,1
E0074,0
E0075,0
E0076,1
E0077,1
E0078,1
E0079,1
E0080,1
E0081,1
E0082,1
E0083,1
E0084,1
E0085,0
E0086,1
E0087,1
E0088,1
E0089,1
E0090,1
E0091,1
E0092,1
E0093,1
E0094,1
E0095,1
E0096,1
E0097,1
E0098,1
E0099,0
E0100,1
E0101,1
E0102,1
E0103,1
E0104,1
E0105,0
E0106,1
E0107,1
E0108,1
E0109,1
E0110,1
E0111,1
E0112,1
E0113,1
E0114,1
E0115,1
E0116,1
E0117,1
E0118,1
E0119,1
E0120,1
E0121,0
E0122,1
E0123,1
E0124,1
E0125,1
E0126,1
E0127,1
E0128,0
E0129,1
E0130,0
E0131,1
E0132,0
E0133,1
E0134,0
E0135,1
E0136,1
E0137,0
E0138,1
E0139,1
E0140,1
E0141,1
E0142,1
E0143,1
E0144,0
E0145,0
E0146,0
E0147,1
E0148,1
E0149,1
E0150,1
E0151,1
E0152,1
E0153,1
E0154,1
E0155,1
E0156,1
E0157,1
E0158,1
E0159,1
E0160,1
E0161,1
E0162,0
E0163,1
E0164,0
E0165,1
E0166,0
E0167,1
E0168,1
E0169,1
E0170,0
E0171,1
E0172,1
E0173,1
E0174,1
E0175,1
E0176,1
E0177,1
E0178,0
E0179,1
E0180,1
E0181,1
E0182,1
E0183,1
E0184,1
E0185,1
E0186,1
E0187,1
E0188,1
E0189,1
E0190,1
E0191,1
E0192,1
E0193,1
E0194,1
E0195,1
E0196,1
E0197,1
E0198,1
E0199,1
E0200,1
E0201,1
E0202,1
E0203,0
E0204,1
E0205,1
E0206,1
E0207,1
E0208,1
E0209,0
E0210,1
E0211,1
E0212,1
E0213,1
E0214,1
E0215,1
E0216,1
E0217,1
E0218,0
E0219,1
E0220,1
E0221,1
E0222,1
E0223,1
E0224,1
E0225,0
E0226,1
E0227,1
E0228,1
E0229,0
E0230,1
E0231,1
E0232,1
E0233,1
E0234,1
E0235,1
E0236,1
E0237,1
E0238,0
E0239,1
E0240,1
E0241,1
E0242,1
E0243,1
E0244,1
E0245,1
E0246,0
E0247,1
E0248,1
E0249,0
E0250,1
E0251,1
E0252,1
E0253,1
E0254,1
E0255,0
E0256,1
E0257,1
E0258,1
E0259,1
E0260,1
E0261,0
E0262,0
E0263,1
E0264,1
E0265,1
E0266,1
E0267,0
E0268,0
E0269,0
E0270,1
E0271,1
E0272,0
E0273,0
E0274,1
E0275,1
E0276,1
E0277,1
E0278,1
E0279,1
E0280,1
E0281,1
E0282,1
E0283,1
E0284,1
E0285,1
E0286,1
E0287,1
E0288,1
E0289,1
E0290,1
E0291,0
E0292,1
E0293,1
E0294,1
E0295,1
E0296,1
E0297,1
E0298,1
E0299,1
E0300,1
E0301,1
E0302,1
E0303,1
E0304,1
E0305,0
E0306,1
E0307,0
E0308,1
E0309,1
E0310,1
E0311,1
E0312,1
E0313,0
E0314,1
E0315,1
E0316,1
E0317,1
E0318,1
E0319,1
E0320,0
E0321,1
E0322,0
E0323,1
E0324,1
E0325,1
E0326,0
E0327,1
E0328,0
E0329,1
E0330,1
E0331,1
E0332,1
E0333,1
E0334,1
E0335,1
E0336,1
E0337,1
E0338,1
E0339,1
E0340,1
E0341,1
E0342,1
E0343,1
E0344,1
E0345,0
E0346,1
E0347,1
E0348,1
E0349,1
E0350,1
E0351,1
E0352,1
E0353,1
E0354,1
E0355,1
E0356,1
E0357,1
E0358,1
E0359,1
E0360,1
E0361,1
E0362,1
E0363,1
E0364,1
E0365,1
E0366,0
E0367,1
E0368,1
E0369,1
E0370,1
E0371,1
E0372,1
E0373,0
E0374,1
E0375,0
E0376,1
E0377,1
E0378,1
E0379,1
E0380,1
E0381,1
E0382,1
E0383,1
E0384,1
E0385,1
E0386,0
E0387,0
E0388,1
E0389,1
E0390,1
E0391,1
E0392,1
E0393,1
E0394,1
E0395,1
E0396,1
E0397,1
E0398,1
E0399,1
E0400,1
E0401,1
E0402,0
E0403,0
E0404,1
E0405,1
E0406,1
E0407,1
E0408,1
E0409,1
E0410,1
E0411,1
E0412,1
E0413,1
E0414,1
E0415,1
E0416,0
E0417,1
E0418,0
E0419,1
E0420,1
E0421,1
E0422,1
E0423,0
E0424,0
E0425,1
E0426,1
E0427,1
E0428,0
E0429,1
E0430,1
E0431,1
E0432,1
E0433,0
E0434,1
E0435,1
E0436,1
E0437,1
E0438,1
E0439,1
E0440,1
E0441,1
E0442,1
E0443,1
E0444,1
E0445,1
E0446,1
E0447,1
E0448,1
E0449,1
E0450,0
E0451,1
E0452,1
E0453,1
E0454,1
E0455,1
E0456,1
E0457,1
E0458,1
E0459,0
E0460,0
E0461,1
E0462,1
E0463,1
E0464,0
E0465,1
E0466,1
E0467,1
E0468,1
E0469,1
E0470,1
E0471,1
E0472,1
E0473,1
E0474,1
E0475,1
E0476,1
E0477,1
E0478,0
E0479,1
E0480,1
E0481,1
E0482,1
E0483,1
E0484,1
E0485,0
E0486,1
E0487,1
E0488,0
E0489,0
E0490,1
E0491,1
E0492,1
E0493,1
E0494,1
E0495,1
E0496,0
E0497,1
E0498,1
E0499,1
E0500,0
E0501,1
E0502,1
E0503,0
E0504,1
E0505,1
E0506,1
E0507,1
E0508,1
E0509,1
E0510,1
E0511,1
E0512,1
E0513,0
E0514,1
E0515,0
E0516,1
E0517,1
E0518,0
E0519,1
E0520,1
E0521,1
E0522,1
E0523,1
E0524,1
E0525,1
E0526,1
E0527,0
E0528,1
E0529,1
E0530,1
E0531,1
E0532,1
E0533,1
E0534,1
E0535,1
E0536,1
E0537,1
E0538,1
E0539,0
E0540,1
E0541,1
E0542,1
E0543,1
E0544,1
E0545,1
E0546,1
E0547,1
E0548,1
E0549,1
E0550,1
E0551,1
E0552,1
E0553,1
E0554,1
E0555,0
E0556,1
E0557,1
E0558,1
E0559,1
E0560,1
E0561,1
E0562,1
E0563,1
E0564,1
E0565,1
E0566,1
E0567,0
E0568,1
E0569,1
E0570,1
E0571,1
E0572,0
E0573,1
E0574,1
E0575,1
E0576,1
E0577,1
E0578,1
E0579,1
E0580,1
E0581,1
E0582,1
E0583,0
E0584,0
E0585,1
E0586,1
E0587,1
E0588,1
E0589,0
E0590,1
E0591,1
E0592,1
E0593,1
E0594,1
E0595,1
E0596,0
E0597,1
E0598,1
E0599,1
E0600,1
E0601,1
E0602,1
E0603,1
E0604,1
E0605,0
E0606,1
E0607,1
E0608,1
E0609,1
E0610,0
E0611,1
E0612,0
E0613,1
E0614,1
E0615,1
E0616,1
E0617,0
E0618,1
E0619,1
E0620,1
E0621,1
E0622,1
E0623,0
E0624,1
E0625,1
E0626,0
E0627,1
E0628,1
E0629,1
E0630,1
E0631,1
E0632,1
E0633,1
E0634,1
E0635,1
E0636,1
E0637,1
E0638,1
E0639,0
E0640,1
E0641,1
E0642,0
E0643,1
E0644,1
E0645,0
E0646,0
E0647,1
E0648,1
E0649,1
E0650,1
E0651,1
E0652,1
E0653,1
E0654,0
E0655,1
E0656,1
E0657,1
E0658,1
E0659,1
E0660,1
E0661,0
E0662,0
E0663,1
E0664,1
E0665,1
E0666,1
E0667,1
E0668,1
E0669,1
E0670,1
E0671,1
E0672,0
E0673,1
E0674,1
E0675,1
E0676,1
E0677,1
E0678,1
E0679,0
E0680,0
E0681,1
E0682,1
E0683,1
E0684,1
E0685,1
E0686,0
E0687,1
E0688,1
E0689,1
E0690,1
E0691,1
E0692,1
E0693,1
E0694,1
E0695,1
E0696,1
E0697,0
E0698,1
E0699,1
E0700,1
E0701,1
E0702,1
E0703,1
E0704,1
E0705,1
E0706,1
E0707,1
E0708,1
E0709,1
E0710,1
E0711,1
E0712,1
E0713,1
E0714,0
E0715,1
E0716,0
E0717,1
E0718,1
E0719,1
E0720,1
E0721,1
E0722,1
E0723,1
E0724,0
E0725,0
E0726,1
E0727,1
E0728,1
E0729,1
E0730,1
E0731,1
E0732,1
E0733,1
E0734,1
E0735,1
E0736,1
E0737,1
E0738,1
E0739,1
E0740,1
E0741,1
E0742,1
E0743,1
E0744,1
E0745,0
E0746,1
E0747,1
E0748,1
E0749,1
E0750,1
E0751,1
E0752,1
E0753,1
E0754,1
E0755,1
E0756,1
E0757,1
E0758,0
E0759,1
E0760,1
E0761,1
E0762,1
E0763,1
E0764,1
E0765,1
E0766,1
E0767,1
E0768,1
E0769,1
E0770,1
E0771,1
E0772,1
E0773,0
E0774,1
E0775,1
E0776,1
E0777,1
E0778,0
E0779,1
E0780,1
E0781,0
E0782,1
E0783,0
E0784,1
E0785,1
E0786,1
E0787,1
E0788,1
E0789,1
E0790,0
E0791,1
E0792,1
E0793,0
E0794,1
E0795,1
E0796,1
E0797,1
E0798,1
E0799,1
E0800,0
E0801,1
E0802,1
E0803,1
E0804,1
E0805,1
E0806,1
E0807,1
E0808,1
E0809,1
E0810,1
E0811,1
E0812,1
E0813,1
E0814,1
E0815,1
E0816,0
E0817,1
E0818,1
E0819,1
E0820,1
E0821,1
E0822,1
E0823,1
E0824,0
E0825,1
E0826,1
E0827,1
E0828,1
E0829,1
E0830,1
E0831,1
E0832,1
E0833,1
E0834,1
E0835,1
E0836,1
E0837,1
E0838,0
E0839,1
E0840,1
E0841,1
E0842,0
E0843,1
E0844,1
E0845,1
E0846,0
E0847,0
E0848,1
E0849,1
E0850,0
E0851,1
E0852,0
E0853,1
E0854,1
E0855,1
E0856,1
E0857,1
E0858,1
E0859,1
E0860,1
E0861,1
E0862,1
E0863,1
E0864,1
E0865,1
E0866,0
E0867,1
E0868,1
E0869,1
E0870,1
E0871,0
E0872,1
E0873,1
E0874,1
E0875,1
E0876,1
E0877,1
E0878,0
E0879,1
E0880,1
E0881,1
E0882,1
E0883,1
E0884,1
E0885,1
E0886,1
E0887,1
E0888,1
E0889,1
E0890,1
E0891,1
E0892,1
E0893,1
E0894,0
E0895,0
E0896,1
E0897,1
E0898,1
E0899,1
E0900,0
E0901,1
E0902,1
E0903,0
E0904,1
E0905,1
E0906,1
E0907,1
E0908,1
E0909,0
E0910,1
E0911,1
E0912,1
E0913,1
E0914,1
E0915,1
E0916,1
E0917,1
E0918,1
E0919,1
E0920,1
E0921,1
E0922,0
E0923,1
E0924,1
E0925,1
E0926,1
E0927,1
E0928,0
E0929,1
E0930,1
E0931,1
E0932,1
E0933,1
E0934,1
E0935,1
E0936,1
E0937,0
E0938,1
E0939,0
E0940,1
E0941,1
E0942,1
E0943,1
E0944,1
E0945,1
E0946,1
E0947,1
E0948,1
E0949,1
E0950,1
E0951,0
E0952,1
E0953,1
E0954,1
E0955,1
E0956,1
E0957,1
E0958,0
E0959,1
E0960,1
E0961,1
E0962,0
E0963,1
E0964,1
E0965,1
E0966,1
E0967,1
E0968,1
E0969,1
E0970,1
E0971,0
E0972,0
E0973,1
E0974,1
E0975,1
E0976,1
E0977,1
E0978,1
E0979,1
E0980,1
E0981,1
E0982,0
E0983,1
E0984,1
E0985,1
E0986,1
E0987,1
E0988,0
E0989,1
E0990,1
E0991,0
E0992,1
E0993,1
E0994,1
E0995,0
E0996,0
E0997,1
E0998,1
E0999,1
E1000,1
E1001,1
E1002,1
E1003,0
E1004,1
E1005,0
E1006,1
E1007,1
E1008,1
E1009,1
E1010,1
E1011,1
E1012,1
E1013,1
E1014,1
E1015,0
E1016,1
E1017,1
E1018,1
E1019,1
E1020,1
E1021,1
E1022,1
E1023,1
E1024,1
E1025,1
E1026,1
E1027,1
E1028,1
E1029,1
E1030,1
E1031,1
E1032,1
E1033,1
E1034,1
E1035,0
E1036,1
E1037,0
E1038,1
E1039,0
E1040,1
E1041,0
E1042,1
E1043,1
E1044,1
E1045,1
E1046,1
E1047,1
E1048,1
E1049,1
E1050,1
E1051,0
E1052,1
E1053,1
E1054,1
E1055,1
E1056,0
E1057,1
E1058,1
E1059,0
E1060,0
E1061,1
E1062,0
E1063,1
E1064,1
E1065,1
E1066,1
E1067,1
E1068,1
E1069,1
E1070,1
E1071,1
E1072,1
E1073,1
E1074,1
E1075,1
E1076,1
E1077,1
E1078,1
E1079,1
E1080,1
E1081,1
E1082,1
E1083,1
E1084,1
E1085,1
E1086,1
E1087,1
E1088,0
E1089,0
E1090,1
E1091,1
E1092,1
E1093,1
E1094,1
E1095,1
E1096,0
E1097,1
E1098,1
E1099,1
E1100,1
E1101,1
E1102,1
E1103,1
E1104,1
E1105,1
E1106,1
E1107,1
E1108,0
E1109,1
E1110,1
E1111,1
E1112,1
E1113,1
E1114,0
E1115,1
E1116,1
E1117,1
E1118,1
E1119,1
E1120,1
E1121,0
E1122,1
E1123,1
E1124,1
E1125,1
E1126,1
E1127,0
E1128,1
E1129,1
E1130,0
E1131,0
E1132,1
E1133,0
E1134,1
E1135,1
E1136,1
E1137,1
E1138,1
E1139,1
E1140,1
E1141,1
E1142,0
E1143,1
E1144,0
E1145,1
E1146,1
E1147,1
E1148,1
E1149,1
E1150,0
E1151,1
E1152,1
E1153,1
E1154,1
E1155,1
E1156,1
E1157,0
E1158,1
E1159,1
E1160,0
E1161,1
E1162,1
E1163,0
E1164,1
E1165,1
E1166,1
E1167,1
E1168,1
E1169,1
E1170,1
E1171,1
E1172,1
E1173,1
E1174,1
E1175,1
E1176,1
E1177,1
E1178,1
E1179,1
E1180,1
E1181,1
E1182,1
E1183,1
E1184,1
E1185,1
E1186,1
E1187,0
E1188,1
E1189,1
E1190,1
E1191,0
E1192,1
E1193,0
E1194,1
E1195,0
E1196,1
E1197,1
E1198,1
E1199,0
E1200,0
E1201,0
E1202,1
E1203,1
E1204,1
E1205,1
E1206,0
E1207,1
E1208,1
E1209,1
E1210,0
E1211,1
E1212,1
E1213,1
E1214,1
E1215,1
E1216,1
E1217,1
E1218,1
E1219,1
E1220,1
E1221,1
E1222,1
E1223,1
E1224,1
E1225,1
E1226,1
E1227,1
E1228,1
E1229,1
E1230,1
E1231,0
E1232,1
E1233,0
E1234,0
E1235,1
E1236,1
E1237,1
E1238,1
E1239,1
E1240,1
E1241,1
E1242,1
E1243,1
E1244,1
E1245,1
E1246,1
E1247,1
E1248,1
E1249,1
E1250,1
E1251,1
E1252,1
E1253,1
E1254,1
E1255,0
E1256,1
E1257,1
E1258,1
E1259,1
E1260,1
E1261,0
E1262,1
E1263,1
E1264,0
E1265,1
E1266,0
E1267,1
E1268,0
E1269,1
E1270,1
E1271,1
E1272,1
E1273,1
E1274,1
E1275,1
E1276,1
E1277,1
E1278,1
E1279,1
E1280,1
E1281,1
E1282,1
E1283,1
E1284,1
E1285,1
E1286,1
E1287,1
E1288,1
E1289,1
E1290,1
E1291,1
E1292,1
E1293,0
E1294,1
E1295,1
E1296,1
E1297,0
E1298,1
E1299,1
E1300,0
E1301,1
E1302,0
E1303,1
E1304,1
E1305,1
E1306,1
E1307,1
E1308,1
E1309,0
E1310,1
E1311,1
E1312,1
E1313,1
E1314,1
E1315,1
E1316,1
E1317,0
E1318,1
E1319,1
E1320,1
E1321,1
E1322,1
E1323,1
E1324,1
E1325,1
E1326,0
E1327,1
E1328,0
E1329,1
E1330,1
E1331,1
E1332,1
E1333,0
E1334,1
E1335,1
E1336,1
E1337,1
E1338,1
E1339,1
E1340,0
E1341,1
E1342,1
E1343,1
E1344,0
E1345,1
E1346,1
E1347,1
E1348,1
E1349,1
E1350,1
E1351,1
E1352,1
E1353,1
E1354,1
E1355,1
E1356,1
E1357,1
E1358,1
E1359,1
E1360,1
E1361,1
E1362,1
E1363,1
E1364,1
E1365,1
E1366,0
E1367,1
E1368,1
E1369,1
E1370,1
E1371,1
E1372,0
E1373,1
E1374,1
E1375,1
E1376,1
E1377,1
E1378,1
E1379,1
E1380,1
E1381,1
E1382,1
E1383,1
E1384,1
E1385,1
E1386,1
E1387,1
E1388,0
E1389,0
E1390,1
E1391,0
E1392,1
E1393,1
E1394,1
E1395,0
E1396,1
E1397,1
E1398,1
E1399,1
E1400,0
E1401,1
E1402,1
E1403,1
E1404,1
E1405,1
E1406,1
E1407,0
E1408,1
E1409,1
E1410,1
E1411,1
E1412,0
E1413,1
E1414,0
E1415,1
E1416,1
E1417,1
E1418,1
E1419,1
E1420,1
E1421,1
E1422,1
E1423,1
E1424,1
E1425,1
E1426,1
E1427,1
E1428,1
E1429,1
E1430,1
E1431,1
E1432,0
E1433,1
E1434,1
E1435,1
E1436,0
E1437,1
E1438,0
E1439,1
E1440,1
E1441,1
E1442,1
E1443,0
E1444,1
E1445,1
E1446,1
E1447,0
E1448,1
E1449,1
E1450,1
E1451,1
E1452,1
E1453,1
E1454,1
E1455,0
E1456,1
E1457,1
E1458,1
E1459,1
E1460,1
E1461,1
E1462,1
E1463,1
E1464,1
E1465,1
E1466,1
E1467,0
E1468,1
E1469,1
E1470,1
E1471,1
E1472,1
E1473,1
E1474,1
E1475,1
E1476,1
E1477,1
E1478,1
E1479,1
E1480,1
E1481,1
E1482,1
E1483,1
E1484,1
E1485,1
E1486,0
E1487,1
E1488,0
E1489,1
E1490,1
E1491,1
E1492,1
E1493,0
E1494,1
E1495,1
E1496,1
E1497,1
E1498,1
E1499,1
E1500,1
E1501,1
E1502,1
E1503,1
E1504,1
E1505,1
E1506,0
E1507,1
E1508,1
E1509,1
E1510,0
E1511,1
E1512,1
E1513,1
E1514,0
E1515,1
E1516,1
E1517,0
E1518,1
E1519,1
E1520,1
E1521,1
E1522,1
E1523,1
E1524,1
E1525,1
E1526,0
E1527,1
E1528,1
E1529,1
E1530,1
E1531,1
E1532,0
E1533,1
E1534,1
E1535,1
E1536,1
E1537,1
E1538,1
E1539,1
E1540,1
E1541,1
E1542,0
E1543,1
E1544,1
E1545,1
E1546,0
E1547,1
E1548,1
E1549,1
E1550,1
E1551,1
E1552,1
E1553,1
E1554,1
E1555,1
E1556,1
E1557,1
E1558,1
E1559,1
E1560,0
E1561,1
E1562,1
E1563,1
E1564,0
E1565,1
E1566,1
E1567,1
E1568,1
E1569,1
E1570,1
E1571,1
E1572,1
E1573,1
E1574,1
E1575,1
E1576,0
E1577,0
E1578,0
E1579,1
E1580,1
E1581,0
E1582,1
E1583,1
E1584,1
E1585,1
E1586,1
E1587,1
E1588,0
E1589,0
E1590,0
E1591,1
E1592,1
E1593,1
E1594,1
E1595,0
E1596,1
E1597,1
E1598,1
E1599,1
E1600,1
E1601,1
E1602,1
E1603,1
E1604,1
E1605,0
E1606,1
E1607,1
E1608,0
E1609,1
E1610,1
E1611,1
E1612,1
E1613,1
E1614,1
E1615,0
E1616,1
E1617,1
E1618,1
E1619,1
E1620,1
E1621,1
E1622,1
E1623,1
E1624,1
E1625,1
E1626,1
E1627,0
E1628,1
E1629,0
E1630,0
E1631,1
E1632,1
E1633,1
E1634,1
E1635,0
E1636,1
E1637,1
E1638,1
E1639,0
E1640,1
E1641,1
E1642,1
E1643,0
E1644,1
E1645,1
E1646,1
E1647,1
E1648,0
E1649,1
E1650,1
E1651,1
E1652,1
E1653,1
E1654,1
E1655,0
E1656,1
E1657,1
E1658,1
E1659,1
E1660,1
E1661,1
E1662,1
E1663,1
E1664,1
E1665,1
E1666,1
E1667,1
E1668,1
E1669,1
E1670,1
E1671,1
E1672,1
E1673,1
E1674,0
E1675,1
E1676,1
E1677,1
E1678,0
E1679,1
E1680,1
E1681,1
E1682,0
E1683,1
E1684,1
E1685,1
E1686,1
E1687,1
E1688,1
E1689,0
E1690,0
E1691,1
E1692,0
E1693,0
E1694,1
E1695,0
E1696,1
E1697,1
E1698,1
E1699,1
E1700,1
E1701,1
E1702,1
E1703,1
E1704,0
E1705,1
E1706,1
E1707,0
E1708,0
E1709,1
E1710,1
E1711,0
E1712,1
E1713,1
E1714,1
E1715,0
E1716,1
E1717,1
E1718,0
E1719,1
E1720,1
E1721,0
E1722,1
E1723,0
E1724,0
E1725,1
E1726,1
E1727,0
E1728,1
E1729,1
E1730,1
E1731,1
E1732,1
E1733,1
E1734,1
E1735,1
E1736,1
E1737,1
E1738,1
E1739,1
E1740,1
E1741,1
E1742,1
E1743,1
E1744,1
E1745,1
E1746,1
E1747,1
E1748,1
E1749,0
E1750,0
E1751,1
E1752,1
E1753,1
E1754,1
E1755,1
E1756,1
E1757,1
E1758,1
E1759,1
E1760,1
E1761,1
E1762,1
E1763,1
E1764,1
E1765,1
E1766,1
E1767,1
E1768,1
E1769,1
E1770,0
E1771,1
E1772,1
E1773,1
E1774,1
E1775,1
E1776,1
E1777,1
E1778,1
E1779,1
E1780,1
E1781,1
E1782,1
E1783,1
E1784,1
E1785,1
E1786,1
E1787,1
E1788,1
E1789,0
E1790,1
E1791,1
E1792,1
E1793,1
E1794,1
E1795,1
E1796,1
E1797,1
E1798,1
E1799,1
E1800,1
E1801,1
E1802,1
E1803,1
E1804,1
E1805,1
E1806,1
E1807,1
E1808,1
E1809,1
E1810,1
E1811,1
E1812,1
E1813,1
E1814,1
E1815,1
E1816,1
E1817,1
E1818,1
E1819,1
E1820,1
E1821,1
E1822,1
E1823,1
E1824,1
E1825,0
E1826,1
E1827,1
E1828,1
E1829,1
E1830,1
E1831,1
E1832,1
E1833,1
E1834,0
E1835,1
E1836,1
E1837,0
E1838,1
E1839,1
E1840,0
E1841,0
E1842,1
E1843,1
E1844,1
E1845,1
E1846,1
E1847,1
E1848,1
E1849,1
E1850,1
E1851,1
E1852,1
E1853,1
E1854,1
E1855,1
E1856,1
E1857,1
E1858,1
E1859,0
E1860,0
E1861,1
E1862,1
E1863,1
E1864,1
E1865,1
E1866,1
E1867,0
E1868,1
E1869,1
E1870,1
E1871,1
E1872,1
E1873,1
E1874,1
E1875,1
E1876,1
E1877,1
E1878,1
E1879,0
E1880,0
E1881,1
E1882,1
E1883,1
E1884,1
E1885,1
E1886,1
E1887,0
E1888,1
E1889,1
E1890,1
E1891,1
E1892,1
E1893,1
E1894,1
E1895,1
E1896,1
E1897,1
E1898,1
E1899,1
E1900,1
E1901,1
E1902,0
E1903,1
E1904,1
E1905,1
E1906,0
E1907,1
E1908,0
E1909,1
E1910,1
E1911,1
E1912,1
E1913,1
E1914,1
E1915,1
E1916,1
E1917,1
E1918,0
E1919,1
E1920,1
E1921,1
E1922,1
E1923,1
E1924,1
E1925,1
E1926,1
E1927,1
E1928,1
E1929,1
E1930,1
E1931,1
E1932,0
E1933,1
E1934,1
E1935,1
E1936,1
E1937,1
E1938,1
E1939,0
E1940,0
E1941,1
E1942,1
E1943,1
E1944,1
E1945,1
E1946,0
E1947,1
E1948,1
E1949,0
E1950,1
E1951,0
E1952,1
E1953,0
E1954,1
E1955,1
E1956,0
E1957,1
E1958,1
E1959,0
E1960,1
E1961,1
E1962,1
E1963,1
E1964,1
E1965,1
E1966,1
E1967,1
E1968,1
E1969,1
E1970,1
E1971,1
E1972,1
E1973,1
E1974,1
E1975,1
E1976,1
E1977,1
E1978,1
E1979,1
E1980,1
E1981,1
E1982,1
E1983,1
E1984,1
E1985,1
E1986,0
E1987,1
E1988,1
E1989,1
E1990,0
E1991,1
E1992,0
E1993,1
E1994,0
E1995,1
E1996,1
E1997,1
E1998,1
E1999,1
E2000,1
E2001,1
E2002,1
E2003,1
E2004,1
E2005,1
E2006,1
E2007,1
E2008,1
E2009,1
E2010,1
E2011,0
E2012,1
E2013,1
E2014,1
E2015,1
E2016,1
E2017,1
E2018,1
E2019,1
E2020,1
E2021,1
E2022,1
E2023,0
E2024,1
E2025,1
E2026,1
E2027,0
E2028,1
E2029,1
E2030,1
E2031,1
E2032,0
E2033,1
E2034,1
E2035,1
E2036,1
E2037,1
E2038,1
E2039,1
E2040,1
E2041,1
E2042,1
E2043,0
E2044,0
E2045,1
E2046,1
E2047,1
E2048,0
E2049,1
E2050,1
E2051,1
E2052,1
E2053,1
E2054,1
E2055,0
E2056,1
E2057,1
E2058,1
E2059,1
E2060,1
E2061,1
E2062,1
E2063,1
E2064,1
E2065,0
E2066,1
E2067,1
E2068,0
E2069,1
E2070,1
E2071,1
E2072,1
E2073,1
E2074,0
E2075,1
E2076,1
E2077,1
E2078,1
E2079,1
E2080,1
E2081,1
E2082,1
E2083,0
E2084,0
E2085,0
E2086,1
E2087,1
E2088,1
E2089,1
E2090,1
E2091,1
E2092,1
E2093,0
E2094,1
E2095,1
E2096,0
E2097,0
E2098,1
E2099,1
E2100,1
E2101,1
E2102,0
E2103,1
E2104,0
E2105,1
E2106,0
E2107,1
E2108,1
E2109,1
E2110,1
E2111,1
E2112,1
E2113,1
E2114,1
E2115,1
E2116,1
E2117,1
E2118,1
E2119,1
E2120,1
E2121,1
E2122,1
E2123,1
E2124,1
E2125,0
E2126,1
E2127,1
E2128,1
E2129,1
E2130,0
E2131,1
E2132,1
E2133,1
E2134,0
E2135,1
E2136,1
E2137,1
E2138,1
E2139,1
E2140,1
E2141,1
E2142,0
E2143,1
E2144,1
E2145,1
E2146,1
E2147,1
E2148,1
E2149,1
E2150,1
E2151,1
E2152,0
E2153,1
E2154,1
E2155,1
E2156,1
E2157,0
E2158,1
E2159,1
E2160,1
E2161,1
E2162,1
E2163,1
E2164,1
E2165,1
E2166,0
E2167,1
E2168,1
E2169,1
E2170,1
E2171,1
E2172,1
E2173,1
E2174,1
E2175,1
E2176,0
E2177,1
E2178,0
E2179,1
E2180,1
E2181,1
E2182,1
E2183,1
E2184,1
E2185,1
E2186,1
E2187,1
E2188,1
E2189,1
E2190,0
E2191,1
E2192,1
E2193,1
E2194,1
E2195,1
E2196,1
E2197,1
E2198,0
E2199,0
E2200,1
E2201,1
E2202,1
E2203,1
E2204,1
E2205,1
E2206,1
E2207,1
E2208,1
E2209,1
E2210,1
E2211,1
E2212,1
E2213,1
E2214,1
E2215,1
E2216,1
E2217,1
E2218,0
E2219,1
E2220,1
E2221,1
E2222,1
E2223,1
E2224,1
E2225,1
E2226,1
E2227,0
E2228,1
E2229,1
E2230,1
E2231,1
E2232,1
E2233,1
E2234,0
E2235,1
E2236,1
E2237,1
E2238,0
E2239,1
E2240,0
E2241,1
E2242,1
E2243,1
E2244,1
E2245,1
E2246,0
E2247,1
E2248,0
E2249,1
E2250,1
E2251,1
E2252,1
E2253,1
E2254,1
E2255,1
E2256,1
E2257,1
E2258,1
E2259,1
E2260,0
E2261,1
E2262,1
E2263,0
E2264,1
E2265,1
E2266,1
E2267,1
E2268,0
E2269,1
E2270,1
E2271,1
E2272,1
E2273,1
E2274,0
E2275,1
E2276,1
E2277,1
E2278,1
E2279,1
E2280,1
E2281,1
E2282,1
E2283,1
E2284,1
E2285,1
E2286,1
E2287,1
E2288,1
E2289,0
E2290,0
E2291,1
E2292,0
E2293,1
E2294,1
E2295,1
E2296,1
E2297,1
E2298,1
E2299,1
E2300,0
E2301,1
E2302,0
E2303,1
E2304,0
E2305,0
E2306,1
E2307,0
E2308,1
E2309,1
E2310,1
E2311,1
E2312,1
E2313,1
E2314,1
E2315,0
E2316,1
E2317,1
E2318,1
E2319,1
E2320,1
E2321,1
E2322,1
E2323,0
E2324,1
E2325,1
E2326,0
E2327,1
E2328,1
E2329,1
E2330,1
E2331,1
E2332,1
E2333,1
E2334,0
E2335,0
E2336,1
E2337,1
E2338,1
E2339,1
E2340,1
E2341,1
E2342,1
E2343,0
E2344,1
E2345,1
E2346,1
E2347,1
E2348,1
E2349,1
E2350,1
E2351,1
E2352,1
E2353,1
E2354,1
E2355,1
E2356,1
E2357,1
E2358,1
E2359,1
E2360,1
E2361,1
E2362,1
E2363,0
E2364,1
E2365,1
E2366,0
E2367,1
E2368,1
E2369,0
E2370,0
E2371,1
E2372,1
E2373,1
E2374,1
E2375,1
E2376,1
E2377,1
E2378,1
E2379,1
E2380,1
E2381,1
E2382,1
E2383,0
E2384,1
E2385,0
E2386,1
E2387,1
E2388,1
E2389,0
E2390,1
E2391,1
E2392,0
E2393,0
E2394,1
E2395,1
E2396,1
E2397,0
E2398,1
E2399,1
E2400,1
E2401,1
E2402,1
E2403,1
E2404,1
E2405,1
E2406,1
E2407,1
E2408,0
E2409,1
E2410,1
E2411,1
E2412,1
E2413,1
E2414,1
E2415,1
E2416,1
E2417,1
E2418,1
E2419,1
E2420,1
E2421,1
E2422,1
E2423,1
E2424,0
E2425,1
E2426,0
E2427,1
E2428,0
E2429,0
E2430,1
E2431,1
E2432,1
E2433,1
E2434,1
E2435,1
E2436,1
E2437,1
E2438,1
E2439,1
E2440,1
E2441,1
E2442,1
E2443,1
E2444,1
E2445,1
E2446,1
E2447,1
E2448,0
E2449,1
E2450,1
E2451,1
E2452,1
E2453,1
E2454,1
E2455,1
E2456,0
E2457,1
E2458,1
E2459,1
E2460,1
E2461,1
E2462,1
E2463,1
E2464,0
E2465,1
E2466,1
E2467,1
E2468,0
E2469,1
E2470,1
E2471,1
E2472,1
E2473,1
E2474,1
E2475,1
E2476,1
E2477,1
E2478,1
E2479,1
E2480,0
E2481,0
E2482,1
E2483,1
E2484,1
E2485,1
E2486,1
E2487,1
E2488,1
E2489,1
E2490,1
E2491,1
E2492,1
E2493,1
E2494,1
E2495,1
E2496,1
E2497,1
E2498,0
E2499,1
E2500,1
E2501,1
E2502,1
E2503,1
E2504,1
E2505,1
E2506,1
E2507,1
E2508,0
E2509,1
E2510,1
E2511,1
E2512,1
E2513,1
E2514,1
E2515,1
E2516,1
E2517,1
E2518,1
E2519,1
E2520,1
E2521,1
E2522,1
E2523,1
E2524,1
E2525,1
E2526,1
E2527,1
E2528,1
E2529,1
E2530,1
E2531,1
E2532,1
E2533,1
E2534,1
E2535,0
E2536,1
E2537,1
E2538,1
E2539,1
E2540,1
E2541,1
E2542,1
E2543,1
E2544,1
E2545,1
E2546,1
E2547,1
E2548,1
E2549,1
E2550,1
E2551,1
E2552,1
E2553,1
E2554,1
E2555,1
E2556,1
E2557,1
E2558,1
E2559,1
E2560,1
E2561,1
E2562,1
E2563,1
E2564,1
E2565,1
E2566,0
E2567,1
E2568,1
E2569,1
E2570,1
E2571,1
E2572,1
E2573,1
E2574,1
E2575,1
E2576,1
E2577,0
E2578,1
E2579,1
E2580,1
E2581,1
E2582,1
E2583,1
E2584,1
E2585,1
E2586,0
E2587,1
E2588,1
E2589,1
E2590,1
E2591,1
E2592,1
E2593,1
E2594,1
E2595,0
E2596,1
E2597,1
E2598,1
E2599,1
E2600,1
E2601,1
E2602,1
E2603,1
E2604,1
E2605,1
E2606,1
E2607,1
E2608,0
E2609,1
E2610,1
E2611,1
E2612,1
E2613,1
E2614,1
E2615,1
E2616,1
E2617,1
E2618,1
E2619,1
E2620,0
E2621,1
E2622,1
E2623,0
E2624,0
E2625,1
E2626,1
E2627,1
E2628,1
E2629,1
E2630,1
E2631,1
E2632,1
E2633,1
E2634,1
E2635,1
E2636,1
E2637,1
E2638,1
E2639,1
E2640,0
E2641,1
E2642,1
E2643,1
E2644,1
E2645,1
E2646,1
E2647,1
E2648,1
E2649,1
E2650,1
E2651,1
E2652,0
E2653,1
E2654,0
E2655,1
E2656,1
E2657,0
E2658,1
E2659,1
E2660,1
E2661,1
E2662,1
E2663,1
E2664,1
E2665,1
E2666,1
E2667,1
E2668,1
E2669,1
E2670,1
E2671,1
E2672,0
E2673,1
E2674,0
E2675,0
E2676,1
E2677,1
E2678,1
E2679,1
E2680,1
E2681,1
E2682,1
E2683,1
E2684,0
E2685,1
E2686,1
E2687,1
E2688,0
E2689,0
E2690,1
E2691,1
E2692,1
E2693,1
E2694,1
E2695,1
E2696,0
E2697,1
E2698,1
E2699,1
E2700,1
E2701,1
E2702,1
E2703,1
E2704,1
E2705,1
E2706,0
E2707,1
E2708,1
E2709,1
E2710,1
E2711,1
E2712,0
E2713,1
E2714,1
E2715,1
E2716,1
E2717,1
E2718,1
E2719,1
E2720,1
E2721,1
E2722,0
E2723,1
E2724,1
E2725,1
E2726,1
E2727,1
E2728,0
E2729,1
E2730,1
E2731,1
E2732,1
E2733,1
E2734,1
E2735,1
E2736,1
E2737,1
E2738,1
E2739,1
E2740,1
E2741,1
E2742,1
E2743,1
E2744,1
E2745,1
E2746,1
E2747,0
E2748,1
E2749,1
E2750,1
E2751,1
E2752,1
E2753,1
E2754,1
E2755,1
E2756,1
E2757,1
E2758,1
E2759,0
E2760,1
E2761,0
E2762,1
E2763,1
E2764,1
E2765,1
E2766,1
E2767,1
E2768,1
E2769,0
E2770,0
E2771,0
E2772,1
E2773,1
E2774,1
E2775,1
E2776,1
E2777,1
E2778,1
E2779,1
E2780,1
E2781,0
E2782,1
E2783,1
E2784,1
E2785,1
E2786,0
E2787,1
E2788,1
E2789,1
E2790,1
E2791,1
E2792,1
E2793,1
E2794,1
E2795,1
E2796,1
E2797,1
E2798,1
E2799,1
E2800,1
E2801,1
E2802,1
E2803,1
E2804,1
E2805,1
E2806,1
E2807,0
E2808,1
E2809,1
E2810,0
E2811,1
E2812,1
E2813,1
E2814,1
E2815,1
E2816,0
E2817,1
E2818,1
E2819,1
E2820,1
E2821,1
E2822,1
E2823,1
E2824,1
E2825,1
E2826,0
E2827,1
E2828,1
E2829,0
E2830,1
E2831,1
E2832,1
E2833,0
E2834,1
E2835,1
E2836,1
E2837,1
E2838,1
E2839,1
E2840,0
E2841,0
E2842,1
E2843,1
E2844,0
E2845,1
E2846,1
E2847,1
E2848,1
E2849,0
E2850,0
E2851,1
E2852,1
E2853,1
E2854,1
E2855,1
E2856,1
E2857,0
E2858,0
E2859,1
E2860,1
E2861,1
E2862,1
E2863,0
E2864,1
E2865,1
E2866,1
E2867,1
E2868,1
E2869,0
E2870,1
E2871,1
E2872,0
E2873,1
E2874,1
E2875,1
E2876,1
E2877,1
E2878,1
E2879,1
E2880,1
E2881,0
E2882,1
E2883,1
E2884,1
E2885,1
E2886,1
E2887,1
E2888,1
E2889,1
E2890,1
E2891,1
E2892,1
E2893,1
E2894,1
E2895,1
E2896,1
E2897,1
E2898,1
E2899,1
E2900,1
E2901,1
E2902,1
E2903,1
E2904,1
E2905,1
E2906,1
E2907,1
E2908,1
E2909,0
E2910,1
E2911,0
E2912,1
E2913,1
E2914,1
E2915,1
E2916,1
E2917,1
E2918,1
E2919,1
E2920,1
E2921,1
E2922,1
E2923,1
E2924,1
E2925,1
E2926,1
E2927,1
E2928,1
E2929,0
E2930,1
E2931,1
E2932,1
E2933,1
E2934,0
E2935,1
E2936,1
E2937,1
E2938,0
E2939,1
E2940,1
E2941,1
E2942,1
E2943,0
E2944,1
E2945,0
E2946,1
E2947,1
E2948,1
E2949,1
E2950,1
E2951,1
E2952,1
E2953,1
E2954,1
E2955,1
E2956,1
E2957,1
E2958,1
E2959,0
E2960,1
E2961,1
E2962,1
E2963,1
E2964,1
E2965,1
E2966,1
E2967,1
E2968,1
E2969,1
E2970,1
E2971,1
E2972,1
E2973,1
E2974,1
E2975,1
E2976,1
E2977,1
E2978,1
E2979,1
E2980,1
E2981,1
E2982,1
E2983,1
E2984,1
E2985,1
E2986,0
E2987,0
E2988,1
E2989,1
E2990,1
E2991,1
E2992,1
E2993,0
E2994,1
E2995,1
E2996,1
E2997,1
E2998,1
E2999,1
E3000,1
E3001,1
E3002,1
E3003,1
E3004,1
E3005,1
E3006,1
E3007,1
E3008,1
E3009,1
E3010,1
E3011,1
E3012,1
E3013,1
E3014,1
E3015,1
E3016,1
E3017,1
E3018,1
E3019,1
E3020,1
E3021,1
E3022,1
E3023,0
E3024,1
E3025,1
E3026,1
E3027,1
E3028,1
E3029,0
E3030,1
E3031,1
E3032,1
E3033,1
E3034,1
E3035,1
E3036,1
E3037,1
E3038,0
E3039,1
E3040,1
E3041,1
E3042,1
E3043,0
E3044,0
E3045,1
E3046,1
E3047,0
E3048,1
E3049,0
E3050,1
E3051,1
E3052,1
E3053,1
E3054,0
E3055,0
E3056,1
E3057,1
E3058,0
E3059,1
E3060,0
E3061,0
E3062,1
E3063,1
E3064,1
E3065,1
E3066,1
E3067,1
E3068,0
E3069,1
E3070,1
E3071,1
E3072,1
E3073,1
E3074,1
E3075,1
E3076,1
E3077,1
E3078,1
E3079,1
E3080,1
E3081,1
E3082,1
E3083,1
E3084,1
E3085,1
E3086,1
E3087,1
E3088,1
E3089,1
E3090,0
E3091,1
E3092,1
E3093,1
E3094,1
E3095,1
E3096,1
E3097,1
E3098,0
E3099,1
E3100,1
E3101,1
E3102,1
E3103,1
E3104,1
E3105,1
E3106,0
E3107,0
E3108,1
E3109,1
E3110,1
E3111,1
E3112,1
E3113,1
E3114,1
E3115,1
E3116,1
E3117,1
E3118,1
E3119,1
E3120,0
E3121,1
E3122,0
E3123,0
E3124,1
E3125,1
E3126,1
E3127,0
E3128,1
E3129,1
E3130,1
E3131,1
E3132,1
E3133,1
E3134,0
E3135,1
E3136,1
E3137,1
E3138,1
E3139,1
E3140,1
E3141,1
E3142,1
E3143,1
E3144,1
E3145,1
E3146,1
E3147,1
E3148,1
E3149,1
E3150,1
E3151,1
E3152,1
E3153,0
E3154,1
E3155,1
E3156,1
E3157,1
E3158,1
E3159,1
E3160,0
E3161,1
E3162,1
E3163,1
E3164,1
E3165,1
E3166,1
E3167,1
E3168,1
E3169,1
E3170,1
E3171,1
E3172,0
E3173,1
E3174,0
E3175,1
E3176,1
E3177,1
E3178,0
E3179,1
E3180,1
E3181,1
E3182,1
E3183,1
E3184,0
E3185,1
E3186,1
E3187,1
E3188,1
E3189,1
E3190,1
E3191,1
E3192,1
E3193,1
E3194,0
E3195,1
E3196,1
E3197,1
E3198,1
E3199,1
E3200,1
E3201,1
E3202,1
E3203,1
E3204,1
E3205,0
E3206,0
E3207,1
E3208,1
E3209,1
E3210,1
E3211,1
E3212,0
E3213,0
E3214,1
E3215,1
E3216,1
E3217,1
E3218,1
E3219,1
E3220,1
E3221,1
E3222,1
E3223,1
E3224,0
E3225,1
E3226,1
E3227,1
E3228,1
E3229,1
E3230,1
E3231,1
E3232,1
E3233,1
E3234,1
E3235,1
E3236,1
E3237,1
E3238,1
E3239,0
E3240,1
E3241,1
E3242,1
E3243,1
E3244,1
E3245,1
E3246,0
E3247,0
E3248,1
E3249,1
E3250,1
E3251,1
E3252,0
E3253,1
E3254,0
E3255,1
E3256,1
E3257,1
E3258,1
E3259,1
E3260,1
E3261,1
E3262,1
E3263,1
E3264,1
E3265,1
E3266,1
E3267,1
E3268,1
E3269,1
E3270,0
E3271,1
E3272,1
E3273,1
E3274,1
E3275,1
E3276,1
E3277,1
E3278,0
E3279,1
E3280,1
E3281,1
E3282,1
E3283,1
E3284,1
E3285,1
E3286,0
E3287,0
E3288,1
E3289,1
E3290,1
E3291,1
E3292,1
E3293,1
E3294,1
E3295,0
E3296,1
E3297,1
E3298,1
E3299,1
E3300,1
E3301,1
E3302,1
E3303,1
E3304,1
E3305,1
E3306,0
E3307,0
E3308,0
E3309,1
E3310,1
E3311,1
E3312,1
E3313,1
E3314,1
E3315,1
E3316,1
E3317,1
E3318,1
E3319,1
E3320,1
E3321,1
E3322,0
E3323,1
E3324,1
E3325,1
E3326,1
E3327,1
E3328,0
E3329,1
E3330,0
E3331,1
E3332,0
E3333,1
E3334,1
E3335,1
E3336,1
E3337,1
E3338,1
E3339,1
E3340,1
E3341,1
E3342,1
E3343,1
E3344,1
E3345,1
E3346,1
E3347,1
E3348,1
E3349,1
E3350,1
E3351,1
E3352,1
E3353,0
E3354,1
E3355,1
E3356,1
E3357,1
E3358,1
E3359,1
E3360,1
E3361,0
E3362,1
E3363,1
E3364,0
E3365,0
E3366,1
E3367,1
E3368,1
E3369,0
E3370,1
E3371,1
E3372,0
E3373,0
E3374,1
E3375,1
E3376,1
E3377,1
E3378,1
E3379,1
E3380,1
E3381,1
E3382,1
E3383,1
E3384,1
E3385,1
E3386,1
E3387,1
E3388,1
E3389,0
E3390,1
E3391,0
E3392,1
E3393,1
E3394,1
E3395,0
E3396,1
E3397,1
E3398,0
E3399,0
E3400,1
E3401,1
E3402,1
E3403,1
E3404,1
E3405,1
E3406,1
E3407,1
E3408,1
E3409,1
E3410,1
E3411,1
E3412,1
E3413,0
E3414,1
E3415,1
E3416,1
E3417,1
E3418,1
E3419,1
E3420,1
E3421,1
E3422,1
E3423,1
E3424,1
E3425,1
E3426,0
E3427,1
E3428,1
E3429,1
E3430,1
E3431,1
E3432,0
E3433,1
E3434,1
E3435,1
E3436,1
E3437,0
E3438,1
E3439,1
E3440,1
E3441,1
E3442,1
E3443,0
E3444,1
E3445,1
E3446,0
E3447,0
E3448,1
E3449,1
E3450,1
E3451,1
E3452,1
E3453,1
E3454,0
E3455,0
E3456,1
E3457,0
E3458,1
E3459,1
E3460,1
E3461,1
E3462,0
E3463,1
E3464,1
E3465,1
E3466,1
E3467,1
E3468,0
E3469,1
E3470,0
E3471,1
E3472,1
E3473,1
E3474,1
E3475,1
E3476,0
E3477,1
E3478,1
E3479,1
E3480,1
E3481,1
E3482,1
E3483,1
E3484,1
E3485,1
E3486,1
E3487,1
E3488,1
E3489,1
E3490,1
E3491,1
E3492,1
E3493,1
E3494,1
E3495,1
E3496,1
E3497,1
E3498,1
E3499,1
E3500,1
E3501,0
E3502,0
E3503,1
E3504,1
E3505,1
E3506,1
E3507,1
E3508,1
E3509,1
E3510,1
E3511,1
E3512,1
E3513,1
E3514,1
E3515,1
E3516,1
E3517,1
E3518,1
E3519,1
E3520,0
E3521,1
E3522,1
E3523,1
E3524,1
E3525,1
E3526,0
E3527,1
E3528,1
E3529,1
E3530,1
E3531,1
E3532,1
E3533,1
E3534,1
E3535,1
E3536,1
E3537,1
E3538,1
E3539,1
E3540,1
E3541,1
E3542,0
E3543,1
E3544,1
E3545,1
E3546,1
E3547,1
E3548,1
E3549,0
E3550,1
E3551,1
E3552,1
E3553,1
E3554,1
E3555,0
E3556,1
E3557,1
E3558,1
E3559,1
E3560,1
E3561,1
E3562,1
E3563,1
E3564,1
E3565,0
E3566,1
E3567,1
E3568,1
E3569,1
E3570,1
E3571,1
E3572,1
E3573,1
E3574,1
E3575,0
E3576,1
E3577,1
E3578,0
E3579,1
E3580,1
E3581,1
E3582,1
E3583,1
E3584,0
E3585,0
E3586,1
E3587,1
E3588,1
E3589,1
E3590,1
E3591,0
E3592,1
E3593,1
E3594,1
E3595,1
E3596,1
E3597,1
E3598,1
E3599,1
E3600,1
E3601,1
E3602,1
E3603,0
E3604,1
E3605,0
E3606,0
E3607,1
E3608,1
E3609,1
E3610,0
E3611,1
E3612,1
E3613,1
E3614,0
E3615,1
E3616,1
E3617,1
E3618,1
E3619,1
E3620,0
E3621,1
E3622,1
E3623,1
E3624,1
E3625,1
E3626,1
E3627,1
E3628,0
E3629,1
E3630,1
E3631,0
E3632,1
E3633,0
E3634,1
E3635,1
E3636,0
E3637,1
E3638,1
E3639,0
E3640,1
E3641,1
E3642,0
E3643,1
E3644,1
E3645,0
E3646,1
E3647,1
E3648,0
E3649,1
E3650,1
E3651,1
E3652,1
E3653,0
E3654,1
E3655,1
E3656,0
E3657,1
E3658,1
E3659,1
E3660,1
E3661,1
E3662,1
E3663,1
E3664,1
E3665,1
E3666,1
E3667,0
E3668,1
E3669,1
E3670,1
E3671,1
E3672,1
E3673,1
E3674,1
E3675,1
E3676,1
E3677,1
E3678,0
E3679,1
E3680,1
E3681,1
E3682,1
E3683,1
E3684,1
E3685,0
E3686,1
E3687,1
E3688,1
E3689,1
E3690,1
E3691,1
E3692,0
E3693,1
E3694,1
E3695,1
E3696,1
E3697,1
E3698,1
E3699,1
E3700,1
E3701,1
E3702,1
E3703,0
E3704,1
E3705,0
E3706,0
E3707,1
E3708,1
E3709,1
E3710,1
E3711,1
E3712,0
E3713,1
E3714,1
E3715,1
E3716,1
E3717,1
E3718,0
E3719,1
E3720,0
E3721,0
E3722,1
E3723,1
E3724,1
E3725,1
E3726,1
E3727,1
E3728,1
E3729,1
E3730,0
E3731,1
E3732,1
E3733,1
E3734,0
E3735,1
E3736,1
E3737,1
E3738,1
E3739,1
E3740,1
E3741,1
E3742,0
E3743,1
E3744,1
E3745,1
E3746,0
E3747,1
E3748,1
E3749,1
E3750,0
E3751,1
E3752,1
E3753,1
E3754,1
E3755,1
E3756,1
E3757,1
E3758,1
E3759,1
E3760,1
E3761,1
E3762,1
E3763,0
E3764,0
E3765,1
E3766,1
E3767,1
E3768,1
E3769,0
E3770,1
E3771,1
E3772,1
E3773,0
E3774,1
E3775,1
E3776,1
E3777,0
E3778,1
E3779,0
E3780,0
E3781,1
E3782,1
E3783,1
E3784,0
E3785,1
E3786,1
E3787,0
E3788,1
E3789,1
E3790,1
E3791,1
E3792,1
E3793,1
E3794,1
E3795,1
E3796,1
E3797,1
E3798,1
E3799,0
E3800,0
E3801,1
E3802,1
E3803,1
E3804,0
E3805,0
E3806,0
E3807,1
E3808,1
E3809,0
E3810,1
E3811,1
E3812,1
E3813,1
E3814,1
E3815,1
E3816,1
E3817,1
E3818,1
E3819,1
E3820,1
E3821,1
E3822,1
E3823,1
E3824,1
E3825,1
E3826,1
E3827,1
E3828,0
E3829,1
E3830,1
E3831,0
E3832,1
E3833,0
E3834,1
E3835,0
E3836,1
E3837,1
E3838,1
E3839,1
E3840,1
E3841,1
E3842,1
E3843,1
E3844,1
E3845,1
E3846,1
E3847,0
E3848,1
E3849,0
E3850,1
E3851,1
E3852,1
E3853,1
E3854,0
E3855,0
E3856,1
E3857,1
E3858,0
E3859,0
E3860,0
E3861,1
E3862,1
E3863,0
E3864,1
E3865,1
E3866,1
E3867,1
E3868,1
E3869,1
E3870,1
E3871,1
E3872,1
E3873,1
E3874,1
E3875,1
E3876,1
E3877,1
E3878,1
E3879,1
E3880,1
E3881,1
E3882,1
E3883,1
E3884,1
E3885,1
E3886,1
E3887,1
E3888,1
E3889,1
E3890,1
E3891,1
E3892,1
E3893,1
E3894,0
E3895,1
E3896,1
E3897,1
E3898,1
E3899,1
E3900,1
E3901,1
E3902,1
E3903,1
E3904,1
E3905,0
E3906,1
E3907,1
E3908,1
E3909,0
E3910,1
E3911,0
E3912,1
E3913,1
E3914,1
E3915,0
E3916,1
E3917,1
E3918,1
E3919,1
E3920,1
E3921,1
E3922,1
E3923,0
E3924,0
E3925,1
E3926,1
E3927,1
E3928,1
E3929,1
E3930,1
E3931,1
E3932,0
E3933,1
E3934,0
E3935,0
E3936,1
E3937,1
E3938,1
E3939,1
E3940,1
E3941,0
E3942,1
E3943,1
E3944,1
E3945,1
E3946,1
E3947,1
E3948,1
E3949,1
E3950,1
E3951,1
E3952,0
E3953,0
E3954,1
E3955,0
E3956,1
E3957,1
E3958,1
E3959,1
E3960,1
E3961,1
E3962,1
E3963,0
E3964,1
E3965,1
E3966,1
E3967,1
E3968,0
E3969,1
E3970,1
E3971,1
E3972,1
E3973,1
E3974,1
E3975,1
E3976,0
E3977,0
E3978,1
E3979,1
E3980,1
E3981,1
E3982,1
E3983,0
E3984,0
E3985,1
E3986,1
E3987,1
E3988,1
E3989,1
E3990,0
E3991,1
E3992,1
E3993,1
E3994,0
E3995,1
E3996,1
E3997,1
E3998,1
E3999,1
E4000,1
E4001,1
E4002,1
E4003,0
E4004,0
E4005,1
E4006,1
E4007,1
E4008,1
E4009,1
E4010,1
E4011,1
E4012,1
E4013,1
E4014,1
E4015,0
E4016,1
E4017,1
E4018,1
E4019,1
E4020,0
E4021,1
E4022,0
E4023,1
E4024,0
E4025,1
E4026,1
E4027,1
E4028,1
E4029,0
E4030,1
E4031,1
E4032,1
E4033,1
E4034,1
E4035,1
E4036,1
E4037,1
E4038,1
E4039,1
E4040,1
E4041,1
E4042,1
E4043,1
E4044,1
E4045,1
E4046,1
E4047,1
E4048,1
E4049,1
E4050,1
E4051,1
E4052,1
E4053,1
E4054,1
E4055,1
E4056,1
E4057,1
E4058,0
E4059,1
E4060,0
E4061,1
E4062,1
E4063,1
E4064,1
E4065,1
E4066,1
E4067,1
E4068,1
E4069,1
E4070,1
E4071,1
E4072,0
E4073,1
E4074,1
E4075,1
E4076,1
E4077,1
E4078,1
E4079,1
E4080,0
E4081,0
E4082,1
E4083,1
E4084,1
E4085,0
E4086,0
E4087,1
E4088,1
E4089,1
E4090,1
E4091,1
E4092,1
E4093,1
E4094,1
E4095,1
E4096,1
E4097,1
E4098,1
E4099,1
E4100,1
E4101,1
E4102,1
E4103,0
E4104,1
E4105,1
E4106,0
E4107,1
E4108,1
E4109,1
E4110,1
E4111,1
E4112,1
E4113,1
E4114,1
E4115,1
E4116,1
E4117,1
E4118,1
E4119,1
E4120,1
E4121,1
E4122,1
E4123,1
E4124,1
E4125,0
E4126,1
E4127,1
E4128,1
E4129,1
E4130,1
E4131,1
E4132,1
E4133,1
E4134,1
E4135,0
E4136,1
E4137,1
E4138,1
E4139,1
E4140,1
E4141,1
E4142,1
E4143,1
E4144,1
E4145,1
E4146,0
E4147,1
E4148,1
E4149,1
E4150,0
E4151,1
E4152,1
E4153,1
E4154,1
E4155,1
E4156,1
E4157,1
E4158,1
E4159,0
E4160,1
E4161,1
E4162,1
E4163,1
E4164,1
E4165,1
E4166,1
E4167,1
E4168,0
E4169,1
E4170,1
E4171,1
E4172,1
E4173,0
E4174,1
E4175,1
E4176,1
E4177,1
E4178,0
E4179,1
E4180,1
E4181,1
E4182,1
E4183,1
E4184,1
E4185,1
E4186,1
E4187,1
E4188,1
E4189,1
E4190,1
E4191,1
E4192,1
E4193,1
E4194,1
E4195,1
E4196,1
E4197,1
E4198,1
E4199,0
E4200,1
E4201,1
E4202,1
E4203,1
E4204,0
E4205,1
E4206,1
E4207,1
E4208,1
E4209,1
E4210,1
E4211,1
E4212,1
E4213,0
E4214,1
E4215,1
E4216,1
E4217,1
E4218,1
E4219,1
E4220,1
E4221,0
E4222,1
E4223,1
E4224,1
E4225,1
E4226,1
E4227,1
E4228,1
E4229,1
E4230,1
E4231,1
E4232,1
E4233,1
E4234,0
E4235,1
E4236,1
E4237,1
E4238,0
E4239,1
E4240,1
E4241,1
E4242,1
E4243,1
E4244,1
E4245,0
E4246,1
E4247,1
E4248,1
E4249,1
E4250,1
E4251,1
E4252,0
E4253,1
E4254,1
E4255,1
E4256,1
E4257,1
E4258,1
E4259,1
E4260,1
E4261,1
E4262,1
E4263,1
E4264,1
E4265,1
E4266,1
E4267,0
E4268,1
E4269,1
E4270,1
E4271,1
E4272,1
E4273,1
E4274,1
E4275,1
E4276,0
E4277,1
E4278,1
E4279,1
E4280,1
E4281,1
E4282,0
E4283,1
E4284,1
E4285,1
E4286,0
E4287,0
E4288,1
E4289,1
E4290,1
E4291,0
E4292,1
E4293,1
E4294,1
E4295,0
E4296,1
E4297,1
E4298,1
E4299,1
E4300,1
E4301,1
E4302,1
E4303,1
E4304,1
E4305,1
E4306,1
E4307,1
E4308,1
E4309,1
E4310,1
E4311,1
E4312,1
E4313,1
E4314,0
E4315,1
E4316,1
E4317,1
E4318,1
E4319,1
E4320,1
E4321,0
E4322,1
E4323,0
E4324,1
E4325,1
E4326,1
E4327,0
E4328,1
E4329,1
E4330,0
E4331,1
E4332,1
E4333,1
E4334,1
E4335,1
E4336,1
E4337,1
E4338,1
E4339,1
E4340,1
E4341,1
E4342,1
E4343,1
E4344,1
E4345,1
E4346,1
E4347,1
E4348,1
E4349,1
E4350,1
E4351,1
E4352,1
E4353,1
E4354,1
E4355,1
E4356,0
E4357,1
E4358,1
E4359,1
E4360,0
E4361,0
E4362,1
E4363,1
E4364,1
E4365,1
E4366,1
E4367,1
E4368,1
E4369,1
E4370,1
E4371,1
E4372,1
E4373,1
E4374,1
E4375,1
E4376,1
E4377,1
E4378,1
E4379,1
E4380,1
E4381,0
E4382,1
E4383,1
E4384,1
E4385,0
E4386,1
E4387,1
E4388,1
E4389,1
E4390,1
E4391,1
E4392,1
E4393,1
E4394,1
E4395,1
E4396,1
E4397,1
E4398,1
E4399,0
E4400,0
E4401,1
E4402,1
E4403,1
E4404,1
E4405,1
E4406,1
E4407,1
E4408,1
E4409,1
E4410,1
E4411,0
E4412,1
E4413,0
E4414,0
E4415,1
E4416,0
E4417,1
E4418,1
E4419,1
E4420,1
E4421,1
E4422,0
E4423,1
E4424,1
E4425,1
E4426,1
E4427,1
E4428,1
E4429,1
E4430,1
E4431,1
E4432,1
E4433,0
E4434,1
E4435,0
E4436,1
E4437,1
E4438,1
E4439,1
E4440,1
E4441,1
E4442,1
E4443,1
E4444,1
E4445,1
E4446,1
E4447,1
E4448,1
E4449,1
E4450,0
E4451,1
E4452,1
E4453,1
E4454,1
E4455,1
E4456,1
E4457,1
E4458,1
E4459,0
E4460,1
E4461,1
E4462,1
E4463,1
E4464,1
E4465,1
E4466,1
E4467,1
E4468,1
E4469,1
E4470,1
E4471,1
E4472,1
E4473,1
E4474,1
E4475,0
E4476,1
E4477,1
E4478,1
E4479,1
E4480,1
E4481,1
E4482,1
E4483,1
E4484,0
E4485,1
E4486,1
E4487,1
E4488,1
E4489,1
E4490,0
E4491,1
E4492,1
E4493,1
E4494,1
E4495,1
E4496,1
E4497,1
E4498,1
E4499,1
E4500,1
E4501,1
E4502,1
E4503,1
E4504,1
E4505,1
E4506,1
E4507,1
E4508,1
E4509,1
E4510,1
E4511,1
E4512,1
E4513,1
E4514,1
E4515,1
E4516,0
E4517,1
E4518,1
E4519,1
E4520,1
E4521,1
E4522,1
E4523,1
E4524,1
E4525,1
E4526,1
E4527,1
E4528,1
E4529,1
E4530,1
E4531,1
E4532,0
E4533,1
E4534,1
E4535,1
E4536,1
E4537,1
E4538,1
E4539,1
E4540,0
E4541,1
E4542,1
E4543,1
E4544,1
E4545,1
E4546,1
E4547,1
E4548,1
E4549,1
E4550,1
E4551,1
E4552,1
E4553,0
E4554,1
E4555,1
E4556,0
E4557,1
E4558,1
E4559,1
E4560,1
E4561,1
E4562,1
E4563,1
E4564,1
E4565,1
E4566,1
E4567,1
E4568,1
E4569,1
E4570,1
E4571,1
E4572,1
E4573,1
E4574,1
E4575,1
E4576,0
E4577,1
E4578,1
E4579,0
E4580,1
E4581,1
E4582,1
E4583,0
E4584,1
E4585,1
E4586,1
E4587,1
E4588,1
E4589,1
E4590,1
E4591,1
E4592,1
E4593,1
E4594,1
E4595,1
E4596,1
E4597,1
E4598,1
E4599,1
E4600,0
E4601,0
E4602,1
E4603,1
E4604,1
E4605,0
E4606,0
E4607,0
E4608,1
E4609,0
E4610,1
E4611,1
E4612,1
E4613,1
E4614,1
E4615,1
E4616,1
E4617,0
E4618,1
E4619,1
E4620,1
E4621,1
E4622,1
E4623,1
E4624,0
E4625,1
E4626,1
E4627,0
E4628,1
E4629,1
E4630,1
E4631,1
E4632,1
E4633,1
E4634,1
E4635,1
E4636,1
E4637,1
E4638,1
E4639,1
E4640,1
E4641,1
E4642,1
E4643,1
E4644,1
E4645,1
E4646,1
E4647,1
E4648,1
E4649,1
E4650,1
E4651,0
E4652,0
E4653,1
E4654,1
E4655,0
E4656,1
E4657,1
E4658,1
E4659,1
E4660,1
E4661,1
E4662,1
E4663,1
E4664,1
E4665,1
E4666,1
E4667,0
E4668,1
E4669,0
E4670,1
E4671,1
E4672,1
E4673,1
E4674,1
E4675,1
E4676,1
E4677,1
E4678,1
E4679,1
E4680,1
E4681,1
E4682,1
E4683,1
E4684,1
E4685,1
E4686,1
E4687,1
E4688,1
E4689,1
E4690,0
E4691,1
E4692,1
E4693,1
E4694,1
E4695,1
E4696,1
E4697,0
E4698,1
E4699,1
E4700,1
E4701,1
E4702,1
E4703,0
E4704,1
E4705,1
E4706,1
E4707,1
E4708,1
E4709,1
E4710,1
E4711,1
E4712,1
E4713,1
E4714,1
E4715,0
E4716,1
E4717,1
E4718,0
E4719,1
E4720,1
E4721,1
E4722,1
E4723,1
E4724,1
E4725,1
E4726,1
E4727,1
E4728,1
E4729,1
E4730,0
E4731,1
E4732,1
E4733,0
E4734,1
E4735,1
E4736,1
E4737,1
E4738,1
E4739,1
E4740,1
E4741,1
E4742,1
E4743,1
E4744,1
E4745,1
E4746,1
E4747,1
E4748,1
E4749,1
E4750,1
E4751,1
E4752,0
E4753,1
E4754,1
E4755,1
E4756,1
E4757,1
E4758,1
E4759,1
E4760,1
E4761,0
E4762,1
E4763,1
E4764,1
E4765,1
E4766,1
E4767,1
E4768,1
E4769,1
E4770,1
E4771,1
E4772,1
E4773,0
E4774,0
E4775,1
E4776,1
E4777,1
E4778,1
E4779,1
E4780,1
E4781,1
E4782,1
E4783,1
E4784,1
E4785,0
E4786,1
E4787,1
E4788,0
E4789,1
E4790,1
E4791,1
E4792,1
E4793,1
E4794,1
E4795,1
E4796,1
E4797,1
E4798,1
E4799,1
E4800,1
E4801,1
E4802,1
E4803,1
E4804,0
E4805,1
E4806,1
E4807,1
E4808,1
E4809,0
E4810,1
E4811,1
E4812,1
E4813,0
E4814,0
E4815,1
E4816,1
E4817,0
E4818,1
E4819,1
E4820,0
E4821,1
E4822,1
E4823,1
E4824,0
E4825,1
E4826,1
E4827,0
E4828,1
E4829,1
E4830,1
E4831,1
E4832,1
E4833,1
E4834,1
E4835,1
E4836,1
E4837,1
E4838,1
E4839,1
E4840,1
E4841,1
E4842,0
E4843,1
E4844,1
E4845,1
E4846,1
E4847,1
E4848,1
E4849,0
E4850,1
E4851,1
E4852,1
E4853,0
E4854,1
E4855,1
E4856,1
E4857,1
E4858,0
E4859,1
E4860,1
E4861,1
E4862,1
E4863,1
E4864,1
E4865,1
E4866,1
E4867,1
E4868,1
E4869,0
E4870,1
E4871,0
E4872,1
E4873,0
E4874,1
E4875,1
E4876,0
E4877,1
E4878,1
E4879,1
E4880,1
E4881,1
E4882,1
E4883,1
E4884,1
E4885,0
E4886,1
E4887,1
E4888,1
E4889,1
E4890,1
E4891,1
E4892,1
E4893,1
E4894,1
E4895,1
E4896,1
E4897,1
E4898,1
E4899,1
E4900,1
E4901,1
E4902,1
E4903,1
E4904,1
E4905,0
E4906,1
E4907,1
E4908,1
E4909,0
E4910,1
E4911,1
E4912,1
E4913,1
E4914,1
E4915,1
E4916,1
E4917,1
E4918,0
E4919,1
E4920,1
E4921,1
E4922,1
E4923,1
E4924,1
E4925,1
E4926,1
E4927,1
E4928,1
E4929,1
E4930,1
E4931,1
E4932,1
E4933,1
E4934,0
E4935,1
E4936,1
E4937,1
E4938,0
E4939,1
E4940,1
E4941,1
E4942,1
E4943,1
E4944,1
E4945,1
E4946,1
E4947,1
E4948,1
E4949,1
E4950,1
E4951,1
E4952,1
E4953,1
E4954,1
E4955,1
E4956,1
E4957,1
E4958,0
E4959,0
E4960,1
E4961,0
E4962,0
E4963,1
E4964,1
E4965,1
E4966,1
E4967,1
E4968,1
E4969,1
E4970,1
E4971,1
E4972,1
E4973,0
E4974,1
E4975,1
E4976,0
E4977,1
E4978,1
E4979,1
E4980,1
E4981,1
E4982,1
E4983,1
E4984,1
E4985,1
E4986,1
E4987,1
E4988,0
E4989,1
E4990,1
E4991,1
E4992,1
E4993,1
E4994,1
E4995,1
E4996,1
E4997,1
E4998,0
E4999,1
E5000,1
